tourney_id,tourney_name,surface,tourney_date,match_num,winner_name,winner_hand,winner_ioc,winner_age,winner_rank,winner_rank_points,loser_name,loser_hand,loser_age,loser_rank,loser_rank_points,score,round,minutes,age_count
2017-M020,Brisbane,Hard,20170102,300,Grigor Dimitrov,R,BUL,26,17,2035,Kei Nishikori,R,27.01163587,5,4905,6-2 2-6 6-3,F,108,24
2017-M020,Brisbane,Hard,20170102,299,Grigor Dimitrov,R,BUL,26,17,2035,Milos Raonic,R,26.01779603,3,5450,7-6(7) 6-2,SF,87,89
2017-M020,Brisbane,Hard,20170102,298,Kei Nishikori,R,JPN,27,5,4905,Stanislas Wawrinka,R,31.76728268,4,5315,7-6(3) 6-3,SF,101,149
2017-M020,Brisbane,Hard,20170102,297,Milos Raonic,R,CAN,26,3,5450,Rafael Nadal,L,30.58453114,9,3300,4-6 6-3 6-4,QF,140,116
2017-M020,Brisbane,Hard,20170102,296,Grigor Dimitrov,R,BUL,26,17,2035,Dominic Thiem,R,23.33196441,8,3415,6-3 4-6 6-3,QF,124,12
2017-M020,Brisbane,Hard,20170102,295,Kei Nishikori,R,JPN,27,5,4905,Jordan Thompson,R,22.70499658,79,689,6-1 6-1,QF,61,
2017-M020,Brisbane,Hard,20170102,294,Stanislas Wawrinka,R,SUI,32,4,5315,Kyle Edmund,R,21.98494182,45,1001,6-7(2) 6-4 6-4,QF,156,
2017-M020,Brisbane,Hard,20170102,293,Milos Raonic,R,CAN,26,3,5450,Diego Sebastian Schwartzman,R,24.38056126,52,864,6-3 6-2,R16,69,
2017-M020,Brisbane,Hard,20170102,292,Rafael Nadal,L,ESP,31,9,3300,Mischa Zverev,L,29.36618754,51,874,6-1 6-1,R16,55,
2017-M020,Brisbane,Hard,20170102,291,Dominic Thiem,R,AUT,23,8,3415,Samuel Groth,R,29.2073922,180,320,7-6(5) 6-3,R16,89,
2017-M020,Brisbane,Hard,20170102,290,Grigor Dimitrov,R,BUL,26,17,2035,Nicolas Mahut,R,34.9486653,39,1102,6-2 6-4,R16,65,
2017-M020,Brisbane,Hard,20170102,289,Jordan Thompson,R,AUS,23,79,689,David Ferrer,R,34.75427789,21,1785,4-6 7-5 7-5,R16,158,
2017-M020,Brisbane,Hard,20170102,288,Kei Nishikori,R,JPN,27,5,4905,Jared Donaldson,R,20.23271732,105,570,4-6 6-4 6-3,R16,143,
2017-M020,Brisbane,Hard,20170102,287,Kyle Edmund,R,GBR,22,45,1001,Lucas Pouille,R,22.85831622,15,2156,6-3 3-1 RET,R16,59,
2017-M020,Brisbane,Hard,20170102,286,Stanislas Wawrinka,R,SUI,32,4,5315,Viktor Troicki,R,30.89390828,29,1385,7-6(5) 6-4,R16,89,
2017-M020,Brisbane,Hard,20170102,284,Diego Sebastian Schwartzman,R,ARG,24,52,864,Sam Querrey,R,29.24024641,31,1355,6-2 6-4,R32,58,
2017-M020,Brisbane,Hard,20170102,283,Mischa Zverev,L,GER,29,51,874,Alex De Minaur,R,17.87542779,351,132,6-3 6-3,R32,67,
2017-M020,Brisbane,Hard,20170102,282,Rafael Nadal,L,ESP,31,9,3300,Alexandr Dolgopolov,R,28.15331964,62,760,6-3 6-3,R32,74,
2017-M020,Brisbane,Hard,20170102,280,Samuel Groth,R,AUS,29,180,320,Pierre Hugues Herbert,R,25.79603012,78,698,6-3 5-7 7-5,R32,130,
2017-M020,Brisbane,Hard,20170102,279,Nicolas Mahut,R,FRA,35,39,1102,Stephane Robert,R,36.62970568,54,854,4-6 6-3 6-4,R32,120,
2017-M020,Brisbane,Hard,20170102,278,Grigor Dimitrov,R,BUL,26,17,2035,Steve Johnson,R,27.02532512,33,1320,6-2 6-3,R32,75,
2017-M020,Brisbane,Hard,20170102,277,David Ferrer,R,ESP,35,21,1785,Bernard Tomic,R,24.19986311,26,1465,6-3 7-5,R32,83,
2017-M020,Brisbane,Hard,20170102,276,Jordan Thompson,R,AUS,23,79,689,Elias Ymer,R,20.73100616,160,372,6-3 6-2,R32,90,
2017-M020,Brisbane,Hard,20170102,275,Jared Donaldson,R,USA,20,105,570,Gilles Muller,L,33.65366188,34,1255,6-4 6-4,R32,75,
2017-M020,Brisbane,Hard,20170102,273,Lucas Pouille,R,FRA,23,15,2156,Gilles Simon,R,32.0164271,25,1585,7-6(6) 7-6(4),R32,125,
2017-M020,Brisbane,Hard,20170102,272,Kyle Edmund,R,GBR,22,45,1001,Ernesto Escobedo,R,20.49828884,141,443,7-6(4) 7-6(6),R32,130,
2017-M020,Brisbane,Hard,20170102,271,Viktor Troicki,R,SRB,31,29,1385,Yoshihito Nishioka,L,21.26762491,100,604,6-4 7-5,R32,91,
2017-0891,Chennai,Hard,20170102,300,Roberto Bautista Agut,R,ESP,29,14,2350,Daniil Medvedev,R,20.89253936,99,611,6-3 6-4,F,73,
2017-0891,Chennai,Hard,20170102,299,Daniil Medvedev,R,RUS,21,99,611,Dudi Sela,R,31.74811773,96,616,4-6 7-6(2) 6-2,SF,126,
2017-0891,Chennai,Hard,20170102,298,Roberto Bautista Agut,R,ESP,29,14,2350,Benoit Paire,R,27.6550308,47,960,6-3 6-3,SF,68,
2017-0891,Chennai,Hard,20170102,297,Daniil Medvedev,R,RUS,21,99,611,Jozef Kovalik,R,24.1615332,117,501,6-1 6-4,QF,84,
2017-0891,Chennai,Hard,20170102,296,Dudi Sela,R,ISR,32,96,616,Albert Ramos,L,28.96098563,27,1435,7-5 6-4,QF,104,
2017-0891,Chennai,Hard,20170102,295,Benoit Paire,R,FRA,28,47,960,Aljaz Bedene,R,27.46064339,101,592,6-3 6-0,QF,61,
2017-0891,Chennai,Hard,20170102,294,Roberto Bautista Agut,R,ESP,29,14,2350,Mikhail Youzhny,R,34.52429843,57,826,2-6 6-4 6-4,QF,124,
2017-0891,Chennai,Hard,20170102,293,Jozef Kovalik,R,SVK,24,117,501,Marin Cilic,R,28.26283368,6,3650,7-6(5) 5-7 7-5,R16,168,
2017-0891,Chennai,Hard,20170102,292,Daniil Medvedev,R,RUS,21,99,611,Yen Hsun Lu,R,33.38809035,64,754,6-4 6-3,R16,85,
2017-0891,Chennai,Hard,20170102,291,Albert Ramos,L,ESP,29,27,1435,Steve Darcis,R,32.80766598,86,658,6-2 6-0,R16,63,
2017-0891,Chennai,Hard,20170102,290,Dudi Sela,R,ISR,32,96,616,Hyeon Chung,R,20.62422998,104,571,6-2 6-2,R16,66,
2017-0891,Chennai,Hard,20170102,289,Benoit Paire,R,FRA,28,47,960,Yuki Bhambri,R,24.49828884,474,83,6-3 6-4,R16,85,
2017-0891,Chennai,Hard,20170102,288,Aljaz Bedene,R,GBR,27,101,592,Martin Klizan,L,27.47980835,35,1230,7-6(3) 6-7(3) 7-6(2),R16,184,
2017-0891,Chennai,Hard,20170102,287,Mikhail Youzhny,R,RUS,35,57,826,Renzo Olivo,R,24.80219028,83,670,6-1 7-5,R16,92,
2017-0891,Chennai,Hard,20170102,286,Roberto Bautista Agut,R,ESP,29,14,2350,Rogerio Dutra Silva,R,32.91444216,98,613,6-3 6-2,R16,74,
2017-0891,Chennai,Hard,20170102,284,Jozef Kovalik,R,SVK,24,117,501,Gastao Elias,R,26.10814511,81,675,6-7(5) 6-4 6-2,R32,140,
2017-0891,Chennai,Hard,20170102,283,Daniil Medvedev,R,RUS,21,99,611,Thiago Monteiro,L,22.5927447,82,674,6-3 6-3,R32,96,
2017-0891,Chennai,Hard,20170102,282,Yen Hsun Lu,R,TPE,33,64,754,Radu Albot,R,27.1430527,97,614,6-2 6-1,R32,63,
2017-0891,Chennai,Hard,20170102,280,Steve Darcis,R,BEL,33,86,658,Nikola Mektic,R,28.02464066,331,144,6-2 6-3,R32,59,
2017-0891,Chennai,Hard,20170102,279,Dudi Sela,R,ISR,32,96,616,Damir Dzumhur,R,24.62149213,77,699,6-2 6-2,R32,62,
2017-0891,Chennai,Hard,20170102,278,Hyeon Chung,R,KOR,21,104,571,Borna Coric,R,20.13415469,48,945,6-3 7-5,R32,121,
2017-0891,Chennai,Hard,20170102,277,Benoit Paire,R,FRA,28,47,960,Konstantin Kravchuk,R,31.85763176,85,660,6-3 6-4,R32,64,
2017-0891,Chennai,Hard,20170102,276,Yuki Bhambri,R,IND,24,474,83,Ramkumar Ramanathan,R,22.15195072,227,231,6-1 6-1,R32,52,
2017-0891,Chennai,Hard,20170102,275,Aljaz Bedene,R,GBR,27,101,592,Guillermo Garcia Lopez,R,33.58247776,70,725,6-3 6-3,R32,74,
2017-0891,Chennai,Hard,20170102,273,Mikhail Youzhny,R,RUS,35,57,826,Saketh Myneni,R,29.2073922,192,287,6-4 6-3,R32,85,
2017-0891,Chennai,Hard,20170102,272,Renzo Olivo,R,ARG,25,83,670,Casper Ruud,R,18.03148528,225,231,7-6(3) 6-2,R32,79,
2017-0891,Chennai,Hard,20170102,271,Rogerio Dutra Silva,R,BRA,33,98,613,Dusan Lajovic,R,26.51060917,93,627,7-6(2) 4-6 7-6(3),R32,153,
2017-0451,Doha,Hard,20170102,300,Novak Djokovic,R,SRB,30,2,11780,Andy Murray,R,29.63723477,1,12410,6-3 5-7 6-4,F,174,
2017-0451,Doha,Hard,20170102,299,Andy Murray,R,GBR,30,1,12410,Tomas Berdych,R,31.2936345,10,3060,6-3 6-4,SF,101,
2017-0451,Doha,Hard,20170102,298,Novak Djokovic,R,SRB,30,2,11780,Fernando Verdasco,L,33.13347023,42,1035,4-6 7-6(7) 6-3,SF,142,
2017-0451,Doha,Hard,20170102,297,Andy Murray,R,GBR,30,1,12410,Nicolas Almagro,R,31.36755647,44,1013,7-6(4) 7-5,QF,129,
2017-0451,Doha,Hard,20170102,296,Tomas Berdych,R,CZE,31,10,3060,Jo Wilfried Tsonga,R,31.71252567,12,2550,7-5 6-3,QF,91,
2017-0451,Doha,Hard,20170102,295,Fernando Verdasco,L,ESP,33,42,1035,Ivo Karlovic,R,37.84531143,20,1795,6-2 7-5,QF,83,
2017-0451,Doha,Hard,20170102,294,Novak Djokovic,R,SRB,30,2,11780,Radek Stepanek,R,38.09993155,107,558,6-3 6-3,QF,91,
2017-0451,Doha,Hard,20170102,293,Andy Murray,R,GBR,30,1,12410,Gerald Melzer,L,26.47501711,68,728,7-6(6) 7-5,R16,143,
2017-0451,Doha,Hard,20170102,292,Nicolas Almagro,R,ESP,31,44,1013,Philipp Kohlschreiber,R,33.21560575,32,1325,7-6(5) 7-6(6),R16,105,
2017-0451,Doha,Hard,20170102,291,Tomas Berdych,R,CZE,31,10,3060,Jiri Vesely,L,23.4825462,55,848,7-6(5) 1-6 6-1,R16,105,
2017-0451,Doha,Hard,20170102,290,Jo Wilfried Tsonga,R,FRA,32,12,2550,Dustin Brown,R,32.06844627,72,710,6-1 6-3,R16,45,
2017-0451,Doha,Hard,20170102,289,Ivo Karlovic,R,CRO,38,20,1795,Karen Khachanov,R,20.61875428,53,863,7-6(3) 7-6(3),R16,89,
2017-0451,Doha,Hard,20170102,288,Fernando Verdasco,L,ESP,33,42,1035,David Goffin,R,26.07255305,11,2750,6-1 7-6(6),R16,101,
2017-0451,Doha,Hard,20170102,287,Radek Stepanek,R,CZE,38,107,558,Arthur De Greef,R,24.76933607,134,456,6-3 6-2,R16,79,
2017-0451,Doha,Hard,20170102,286,Novak Djokovic,R,SRB,30,2,11780,Horacio Zeballos,L,31.68514716,71,722,6-3 6-4,R16,71,
2017-0451,Doha,Hard,20170102,285,Andy Murray,R,GBR,30,1,12410,Jeremy Chardy,R,29.88911704,69,725,6-0 7-6(2),R32,81,
2017-0451,Doha,Hard,20170102,284,Gerald Melzer,L,AUT,26,68,728,Paul Henri Mathieu,R,34.97330595,73,710,6-7(2) 6-3 6-2,R32,120,
2017-0451,Doha,Hard,20170102,283,Nicolas Almagro,R,ESP,31,44,1013,Paolo Lorenzi,R,35.04996578,40,1090,7-6(2) 4-6 6-3,R32,148,
2017-0451,Doha,Hard,20170102,282,Philipp Kohlschreiber,R,GER,33,32,1325,Malek Jaziri,R,32.95277207,58,814,6-2 7-6(3),R32,102,
2017-0451,Doha,Hard,20170102,281,Tomas Berdych,R,CZE,31,10,3060,Alessandro Giannessi,L,26.59548255,128,475,7-6(1) 6-2,R32,86,
2017-0451,Doha,Hard,20170102,280,Jiri Vesely,L,CZE,23,55,848,Anil Yuksel,L,26.6255989,507,73,6-2 6-3,R32,65,
2017-0451,Doha,Hard,20170102,279,Dustin Brown,R,GER,32,72,710,Facundo Bagnis,L,26.84736482,56,835,6-1 6-7(2) 6-4,R32,105,
2017-0451,Doha,Hard,20170102,278,Jo Wilfried Tsonga,R,FRA,32,12,2550,Andrey Kuznetsov,R,25.86173854,46,970,6-1 4-6 6-2,R32,86,
2017-0451,Doha,Hard,20170102,277,Ivo Karlovic,R,CRO,38,20,1795,Illya Marchenko,R,29.31964408,74,705,7-6(5) 7-6(0),R32,95,
2017-0451,Doha,Hard,20170102,276,Karen Khachanov,R,RUS,21,53,863,Mubarak Al Harrasi,U,21.72210815,1277,5,6-1 6-3,R32,57,
2017-0451,Doha,Hard,20170102,275,Fernando Verdasco,L,ESP,33,42,1035,Vasek Pospisil,R,26.52977413,133,456,7-5 6-0,R32,75,
2017-0451,Doha,Hard,20170102,274,David Goffin,R,BEL,26,11,2750,Robin Haase,R,29.74401095,59,795,7-6(4) 6-2,R32,89,
2017-0451,Doha,Hard,20170102,273,Radek Stepanek,R,CZE,38,107,558,Marcos Baghdatis,R,31.54551677,36,1140,6-4 5-3 RET,R32,114,
2017-0451,Doha,Hard,20170102,272,Arthur De Greef,R,BEL,25,134,456,Mohamed Safwat,R,26.28884326,199,278,6-7(8) 7-5 6-4,R32,143,
2017-0451,Doha,Hard,20170102,271,Horacio Zeballos,L,ARG,32,71,722,Florian Mayer,R,33.24572211,50,903,6-7(3) 6-4 7-6(9),R32,157,
2017-0451,Doha,Hard,20170102,270,Novak Djokovic,R,SRB,30,2,11780,Jan Lennard Struff,R,26.69130732,63,758,7-6(1) 6-3,R32,86,
2017-0301,Auckland,Hard,20170109,300,Jack Sock,R,USA,24,23,1710,Joao Sousa,R,27.78097194,44,1030,6-3 5-7 6-3,F,116,
2017-0301,Auckland,Hard,20170109,299,Joao Sousa,R,POR,28,44,1030,Marcos Baghdatis,R,31.56468172,36,1140,6-1 7-5,SF,72,
2017-0301,Auckland,Hard,20170109,298,Jack Sock,R,USA,24,23,1710,Steve Johnson,R,27.04449008,33,1320,6-4 6-3,SF,70,
2017-0301,Auckland,Hard,20170109,297,Marcos Baghdatis,R,CYP,32,36,1140,Jiri Vesely,L,23.50171116,54,848,6-2 6-4,QF,70,
2017-0301,Auckland,Hard,20170109,296,Joao Sousa,R,POR,28,44,1030,Robin Haase,R,29.76317591,58,795,6-3 6-2,QF,57,
2017-0301,Auckland,Hard,20170109,295,Jack Sock,R,USA,24,23,1710,Jeremy Chardy,R,29.908282,71,705,5-7 6-4 6-3,QF,129,
2017-0301,Auckland,Hard,20170109,294,Steve Johnson,R,USA,27,33,1320,John Isner,R,31.70704997,19,1850,6-3 5-7 7-6(3),QF,134,
2017-0301,Auckland,Hard,20170109,293,Jiri Vesely,L,CZE,24,54,848,Jose Rubin Statham,R,29.71115674,434,94,6-7(6) 7-5 6-3,R16,143,
2017-0301,Auckland,Hard,20170109,292,Marcos Baghdatis,R,CYP,32,36,1140,Dustin Brown,R,32.08761123,70,718,4-6 7-6(4) 6-4,R16,125,
2017-0301,Auckland,Hard,20170109,291,Robin Haase,R,NED,30,58,795,David Ferrer,R,34.77344285,21,1785,2-6 6-4 7-6(4),R16,120,
2017-0301,Auckland,Hard,20170109,290,Joao Sousa,R,POR,28,44,1030,Brydan Klein,R,27.02532512,324,148,6-3 6-4,R16,73,
2017-0301,Auckland,Hard,20170109,289,Jeremy Chardy,R,FRA,30,71,705,Feliciano Lopez,L,35.3045859,28,1410,W/O,R16,0,
2017-0301,Auckland,Hard,20170109,288,Jack Sock,R,USA,24,23,1710,Ryan Harrison,R,24.67624914,89,632,7-6(5) 4-6 6-1,R16,125,
2017-0301,Auckland,Hard,20170109,287,Steve Johnson,R,USA,27,33,1320,Yen Hsun Lu,R,33.4072553,61,774,6-4 7-6(4),R16,88,
2017-0301,Auckland,Hard,20170109,286,John Isner,R,USA,32,19,1850,Malek Jaziri,R,32.97193703,56,814,6-3 3-6 7-6(6),R16,117,
2017-0301,Auckland,Hard,20170109,284,Jiri Vesely,L,CZE,24,54,848,Horacio Zeballos,L,31.70431212,69,725,6-4 6-3,R32,82,
2017-0301,Auckland,Hard,20170109,283,Dustin Brown,R,GER,32,70,718,Michael Mmoh,R,18.99794661,195,285,7-6(4) 3-6 6-4,R32,116,
2017-0301,Auckland,Hard,20170109,282,Marcos Baghdatis,R,CYP,32,36,1140,Adrian Mannarino,L,28.53114305,60,781,6-4 6-4,R32,96,
2017-0301,Auckland,Hard,20170109,280,Robin Haase,R,NED,30,58,795,Finn Tearney,R,26.28610541,447,90,6-4 7-5,R32,80,
2017-0301,Auckland,Hard,20170109,279,Brydan Klein,R,AUS,27,324,148,Facundo Bagnis,L,26.86652977,55,817,6-1 6-7(6) 7-6(3),R32,135,
2017-0301,Auckland,Hard,20170109,278,Joao Sousa,R,POR,28,44,1030,Albert Ramos,L,28.98015058,26,1435,6-1 7-5,R32,87,
2017-0301,Auckland,Hard,20170109,277,Feliciano Lopez,L,ESP,35,28,1410,Michael Venus,R,29.23477071,1035,10,3-6 6-4 6-3,R32,107,
2017-0301,Auckland,Hard,20170109,276,Jeremy Chardy,R,FRA,30,71,705,Artem Sitak,R,30.91854894,,,6-4 6-2,R32,61,
2017-0301,Auckland,Hard,20170109,275,Ryan Harrison,R,USA,25,89,632,Guillermo Garcia Lopez,R,33.60164271,74,700,6-1 6-2,R32,65,
2017-0301,Auckland,Hard,20170109,273,Steve Johnson,R,USA,27,33,1320,Stephane Robert,R,36.64887064,53,854,6-4 6-3,R32,85,
2017-0301,Auckland,Hard,20170109,272,Yen Hsun Lu,R,TPE,33,61,774,Karen Khachanov,R,20.63791923,51,875,4-6 7-6(5) 7-6(9),R32,158,
2017-0301,Auckland,Hard,20170109,271,Malek Jaziri,R,TUN,33,56,814,Diego Sebastian Schwartzman,R,24.39972621,52,867,7-6(1) 6-3,R32,93,
2017-M001,Sydney,Hard,20170109,300,Gilles Muller,L,LUX,34,34,1255,Daniel Evans,R,26.63381246,67,736,7-6(5) 6-2,F,88,
2017-M001,Sydney,Hard,20170109,299,Daniel Evans,R,GBR,27,67,736,Dominic Thiem,R,23.35112936,8,3415,3-6 6-4 6-1,QF,122,
2017-M001,Sydney,Hard,20170109,298,Andrey Kuznetsov,R,RUS,26,48,935,Pablo Carreno Busta,R,25.49760438,30,1370,2-6 6-4 6-1,QF,105,
2017-M001,Sydney,Hard,20170109,297,Viktor Troicki,R,SRB,31,29,1385,Philipp Kohlschreiber,R,33.23477071,32,1325,W/O,QF,0,
2017-M001,Sydney,Hard,20170109,296,Gilles Muller,L,LUX,34,34,1255,Pablo Cuevas,R,31.02258727,22,1780,7-6(5) 6-4,QF,96,
2017-M001,Sydney,Hard,20170109,295,Dominic Thiem,R,AUT,23,8,3415,Gastao Elias,R,26.12731006,81,675,6-7(5) 6-3 7-5,R16,159,
2017-M001,Sydney,Hard,20170109,294,Daniel Evans,R,GBR,27,67,736,Marcel Granollers,R,30.74606434,37,1136,1-6 6-3 6-3,R16,103,
2017-M001,Sydney,Hard,20170109,293,Pablo Carreno Busta,R,ESP,25,30,1370,Mischa Zverev,L,29.3853525,50,884,3-6 7-6(4) 6-3,R16,130,
2017-M001,Sydney,Hard,20170109,292,Andrey Kuznetsov,R,RUS,26,48,935,Alex De Minaur,R,17.89459274,333,144,6-2 0-0 RET,R16,40,
2017-M001,Sydney,Hard,20170109,291,Philipp Kohlschreiber,R,GER,33,32,1325,Jordan Thompson,R,22.72416153,75,699,7-5 6-4,R16,84,
2017-M001,Sydney,Hard,20170109,290,Viktor Troicki,R,SRB,31,29,1385,Paolo Lorenzi,R,35.06913073,41,1090,6-3 6-4,R16,92,
2017-M001,Sydney,Hard,20170109,289,Gilles Muller,L,LUX,34,34,1255,Matthew Barton,R,25.06228611,198,282,6-1 3-6 6-4,R16,102,
2017-M001,Sydney,Hard,20170109,288,Pablo Cuevas,R,URU,31,22,1780,Nicolas Mahut,R,34.96783025,38,1122,6-4 2-6 6-2,R16,107,
2017-M001,Sydney,Hard,20170109,286,Gastao Elias,R,POR,26,81,675,Christopher Oconnell,U,22.6036961,238,217,6-7(3) 6-4 6-1,R32,145,
2017-M001,Sydney,Hard,20170109,285,Daniel Evans,R,GBR,27,67,736,Thiago Monteiro,L,22.61190965,83,660,6-3 4-6 6-3,R32,102,
2017-M001,Sydney,Hard,20170109,284,Marcel Granollers,R,ESP,31,37,1136,Santiago Giraldo,R,29.11978097,90,632,6-7(5) 7-5 6-3,R32,156,
2017-M001,Sydney,Hard,20170109,282,Mischa Zverev,L,GER,29,50,884,Nicolas Almagro,R,31.38672142,43,1040,6-4 6-2,R32,70,
2017-M001,Sydney,Hard,20170109,281,Alex De Minaur,R,AUS,18,333,144,Benoit Paire,R,27.67419576,46,960,6-3 3-6 7-6(1),R32,104,
2017-M001,Sydney,Hard,20170109,280,Andrey Kuznetsov,R,RUS,26,48,935,Martin Klizan,L,27.49897331,35,1230,2-6 6-1 3-0 RET,R32,72,
2017-M001,Sydney,Hard,20170109,279,Philipp Kohlschreiber,R,GER,33,32,1325,Fabio Fognini,R,29.63175907,47,945,6-4 6-4,R32,81,
2017-M001,Sydney,Hard,20170109,278,Jordan Thompson,R,AUS,23,75,699,Nikoloz Basilashvili,R,24.8788501,94,624,7-5 6-2,R32,82,
2017-M001,Sydney,Hard,20170109,277,Paolo Lorenzi,R,ITA,35,41,1090,Florian Mayer,R,33.26488706,49,903,7-6(4) 4-6 7-6(5),R32,153,
2017-M001,Sydney,Hard,20170109,275,Gilles Muller,L,LUX,34,34,1255,Alexandr Dolgopolov,R,28.1724846,63,760,3-6 6-3 7-5,R32,127,
2017-M001,Sydney,Hard,20170109,274,Matthew Barton,R,AUS,25,198,282,Kyle Edmund,R,22.00410678,45,989,7-6(3) 7-6(5),R32,103,
2017-M001,Sydney,Hard,20170109,273,Nicolas Mahut,R,FRA,35,38,1122,Thomaz Bellucci,L,29.0294319,62,771,6-2 7-6(2),R32,80,
2017-M001,Sydney,Hard,20170109,271,Daniel Evans,R,GBR,27,67,736,Andrey Kuznetsov,R,25.88090349,48,935,6-2 3-6 6-3,SF,,
2017-M001,Sydney,Hard,20170109,270,Gilles Muller,L,LUX,34,34,1255,Viktor Troicki,R,30.91307324,29,1385,6-3 7-6(6),SF,,
2017-580,Australian Open,Hard,20170116,100,Andy Murray,R,GBR,30,1,12560,Illya Marchenko,R,29.35797399,95,624,7-5 7-6(5) 6-2,R128,167,
2017-580,Australian Open,Hard,20170116,101,Andrey Rublev,R,RUS,19,152,383,Yen Hsun Lu,R,33.42642026,60,786,4-6 6-3 7-6(0) 6-3,R128,170,
2017-580,Australian Open,Hard,20170116,102,Alex De Minaur,R,AUS,18,301,164,Gerald Melzer,L,26.51334702,87,648,5-7 6-3 2-6 7-6(2) 6-1,R128,222,
2017-580,Australian Open,Hard,20170116,103,Sam Querrey,R,USA,29,32,1355,Quentin Halys,R,20.22450376,155,379,6-7(10) 7-6(4) 6-3 6-4,R128,165,
2017-580,Australian Open,Hard,20170116,104,John Isner,R,USA,32,19,1850,Konstantin Kravchuk,R,31.89596167,88,642,6-3 6-4 6-7(5) 6-1,R128,143,
2017-580,Australian Open,Hard,20170116,105,Mischa Zverev,L,GER,29,50,894,Guillermo Garcia Lopez,R,33.62080767,74,700,6-3 7-6(5) 6-4,R128,132,
2017-580,Australian Open,Hard,20170116,106,Malek Jaziri,R,TUN,33,56,824,Go Soeda,R,32.36413415,139,431,6-3 6-4 6-3,R128,120,
2017-580,Australian Open,Hard,20170116,107,Alexander Bublik,R,RUS,20,207,268,Lucas Pouille,R,22.89664613,16,2131,6-0 3-6 6-3 6-4,R128,103,
2017-580,Australian Open,Hard,20170116,108,Tomas Berdych,R,CZE,31,10,3060,Luca Vanni,R,31.61943874,157,373,6-1 RET,R128,32,
2017-580,Australian Open,Hard,20170116,109,Ryan Harrison,R,USA,25,82,664,Nicolas Mahut,R,34.98699521,41,1085,6-3 6-4 6-2,R128,122,
2017-580,Australian Open,Hard,20170116,110,Noah Rubin,R,USA,21,200,274,Bjorn Fratangelo,R,23.49623546,113,519,6-7(4) 7-5 3-6 6-2 6-2,R128,188,
2017-580,Australian Open,Hard,20170116,111,Roger Federer,R,SUI,35,17,1980,Jurgen Melzer,L,35.6550308,300,164,7-5 3-6 6-2 6-2,R128,125,
2017-580,Australian Open,Hard,20170116,112,Lukas Lacko,R,SVK,29,121,486,Albert Ramos,L,28.99931554,26,1435,4-6 7-5 1-6 6-4 6-3,R128,200,
2017-580,Australian Open,Hard,20170116,113,Dudi Sela,R,ISR,32,67,731,Marcel Granollers,R,30.7652293,38,1123,5-7 6-3 6-2 6-0,R128,154,
2017-580,Australian Open,Hard,20170116,114,Jeremy Chardy,R,FRA,30,72,705,Nicolas Almagro,R,31.40588638,42,1040,4-0 RET,R128,23,
2017-580,Australian Open,Hard,20170116,115,Kei Nishikori,R,JPN,27,5,5010,Andrey Kuznetsov,R,25.90006845,45,1015,5-7 6-1 6-4 6-7(6) 6-2,R128,214,
2017-580,Australian Open,Hard,20170116,116,Stanislas Wawrinka,R,SUI,32,4,5155,Martin Klizan,L,27.51813826,34,1230,4-6 6-4 7-5 4-6 6-4,R128,204,
2017-580,Australian Open,Hard,20170116,117,Steve Johnson,R,USA,27,30,1390,Federico Delbonis,L,26.28336756,44,1030,6-3 6-4 6-4,R128,120,
2017-580,Australian Open,Hard,20170116,118,Paolo Lorenzi,R,ITA,35,43,1033,James Duckworth,R,24.98836413,107,557,6-4 7-6(4) 6-7(4) 6-4,R128,195,
2017-580,Australian Open,Hard,20170116,119,Viktor Troicki,R,SRB,31,35,1225,Damir Dzumhur,R,24.65982204,78,694,6-4 6-4 2-6 2-6 6-3,R128,166,
2017-580,Australian Open,Hard,20170116,120,Diego Sebastian Schwartzman,R,ARG,24,54,867,Pablo Cuevas,R,31.04175222,22,1780,6-3 6-3 6-0,R128,82,
2017-580,Australian Open,Hard,20170116,121,Steve Darcis,R,BEL,33,71,707,Samuel Groth,R,29.24572211,162,355,3-6 6-3 6-2 6-2,R128,130,
2017-580,Australian Open,Hard,20170116,122,Andreas Seppi,R,ITA,33,89,635,Paul Henri Mathieu,R,35.01163587,75,700,6-4 7-6(4) 6-7(3) 7-5,R128,185,
2017-580,Australian Open,Hard,20170116,123,Nick Kyrgios,R,AUS,22,13,2460,Gastao Elias,R,26.14647502,77,698,6-1 6-2 6-2,R128,84,
2017-580,Australian Open,Hard,20170116,124,Jo Wilfried Tsonga,R,FRA,32,12,2505,Thiago Monteiro,L,22.63107461,83,664,6-1 6-3 6-7(5) 6-2,R128,143,
2017-580,Australian Open,Hard,20170116,125,Dusan Lajovic,R,SRB,32,94,627,Stephane Robert,R,36.66803559,55,854,6-3 6-3 6-3,R128,119,
2017-580,Australian Open,Hard,20170116,126,Karen Khachanov,R,RUS,21,52,875,Adrian Mannarino,L,28.55030801,61,781,6-4 3-6 7-6(9) 6-3,R128,166,
2017-580,Australian Open,Hard,20170116,127,Jack Sock,R,USA,24,20,1810,Pierre Hugues Herbert,R,25.83436003,73,705,6-4 7-6(4) 6-3,R128,132,
2017-580,Australian Open,Hard,20170116,128,Bernard Tomic,R,AUS,24,27,1420,Thomaz Bellucci,L,29.04859685,62,771,6-2 6-1 6-4,R128,97,
2017-580,Australian Open,Hard,20170116,129,Victor Estrella,R,DOM,36,103,586,Aljaz Bedene,R,27.49897331,109,547,7-6(7) 7-5 0-6 6-3,R128,189,
2017-580,Australian Open,Hard,20170116,130,Daniel Evans,R,GBR,27,51,886,Facundo Bagnis,L,26.88569473,65,739,7-6(8) 6-3 6-1,R128,115,
2017-580,Australian Open,Hard,20170116,131,Marin Cilic,R,CRO,28,7,3605,Jerzy Janowicz,R,26.17659138,273,186,4-6 4-6 6-2 6-2 6-3,R128,184,
2017-580,Australian Open,Hard,20170116,132,Gael Monfils,R,FRA,30,6,3625,Jiri Vesely,L,23.52087611,53,873,6-2 6-3 6-2,R128,92,
2017-580,Australian Open,Hard,20170116,133,Alexandr Dolgopolov,R,UKR,28,69,715,Borna Coric,R,20.1724846,59,795,6-3 6-4 3-6 7-6(7),R128,177,
2017-580,Australian Open,Hard,20170116,134,Donald Young,L,USA,27,85,651,Thomas Fabbiano,R,27.6440794,141,427,6-4 7-6(1) 6-4,R128,150,
2017-580,Australian Open,Hard,20170116,135,Philipp Kohlschreiber,R,GER,33,33,1325,Nikoloz Basilashvili,R,24.89801506,92,630,6-4 3-6 7-6(2) 6-4,R128,151,
2017-580,Australian Open,Hard,20170116,136,Alexander Zverev,R,GER,20,24,1655,Robin Haase,R,29.78234086,57,808,6-2 3-6 5-7 6-3 6-2,R128,174,
2017-580,Australian Open,Hard,20170116,137,Francis Tiafoe,R,USA,19,108,550,Mikhail Kukushkin,R,29.05954825,98,602,6-1 6-7(3) 6-3 6-2,R128,157,
2017-580,Australian Open,Hard,20170116,138,Marcos Baghdatis,R,CYP,32,36,1210,Mikhail Youzhny,R,34.56262834,70,707,6-3 3-0 RET,R128,65,
2017-580,Australian Open,Hard,20170116,139,Rafael Nadal,L,ESP,31,9,3195,Florian Mayer,R,33.28405202,49,903,6-3 6-4 6-4,R128,124,
2017-580,Australian Open,Hard,20170116,140,Roberto Bautista Agut,R,ESP,29,14,2350,Guido Pella,L,26.66940452,81,685,6-3 6-1 6-1,R128,83,
2017-580,Australian Open,Hard,20170116,141,Yoshihito Nishioka,L,JPN,21,99,602,Alex Bolt,L,24.03011636,632,46,6-4 1-6 6-2 6-4,R128,150,
2017-580,Australian Open,Hard,20170116,142,Ernesto Escobedo,R,USA,21,131,455,Daniil Medvedev,R,20.93086927,63,751,7-5 4-6 7-6(5) 6-1,R128,156,
2017-580,Australian Open,Hard,20170116,143,David Ferrer,R,ESP,35,23,1740,Omar Jasika,L,19.6659822,290,172,6-3 6-0 6-2,R128,85,
2017-580,Australian Open,Hard,20170116,144,Gilles Simon,R,FRA,32,25,1585,Michael Mmoh,R,19.01711157,190,297,6-1 6-3 6-3,R128,110,
2017-580,Australian Open,Hard,20170116,145,Rogerio Dutra Silva,R,BRA,33,100,600,Jared Donaldson,R,20.27104723,101,596,3-6 0-6 6-1 6-4 6-4,R128,185,
2017-580,Australian Open,Hard,20170116,146,Gilles Muller,L,LUX,34,28,1415,Taylor Harry Fritz,R,19.21971253,93,628,7-6(6) 7-6(5) 6-3,R128,134,
2017-580,Australian Open,Hard,20170116,147,Milos Raonic,R,CAN,26,3,5290,Dustin Brown,R,32.10677618,66,738,6-3 6-4 6-2,R128,92,
2017-580,Australian Open,Hard,20170116,148,Dominic Thiem,R,AUT,23,8,3415,Jan Lennard Struff,R,26.72963723,58,796,4-6 6-4 6-4 6-3,R128,174,
2017-580,Australian Open,Hard,20170116,149,Jordan Thompson,R,AUS,23,76,699,Joao Sousa,R,27.80013689,37,1135,6-7(2) 4-6 6-3 6-2 6-1,R128,201,
2017-580,Australian Open,Hard,20170116,150,Benoit Paire,R,FRA,28,47,960,Tommy Haas,R,38.78986995,,,7-6(2) 6-4 RET,R128,97,
2017-580,Australian Open,Hard,20170116,151,Fabio Fognini,R,ITA,30,48,945,Feliciano Lopez,L,35.32375086,29,1410,7-5 6-3 7-5,R128,123,
2017-580,Australian Open,Hard,20170116,152,Ivo Karlovic,R,CRO,38,21,1795,Horacio Zeballos,L,31.72347707,68,725,6-7(6) 3-6 7-5 6-2 22-20,R128,314,
2017-580,Australian Open,Hard,20170116,153,Andrew Whittington,R,AUS,23,194,289,Adam Pavlasek,R,22.275154,86,649,6-4 4-6 6-2 6-3,R128,145,
2017-580,Australian Open,Hard,20170116,154,Radek Stepanek,R,CZE,38,102,595,Dmitry Tursunov,R,34.0971937,405,105,6-2 7-6(1) 6-3,R128,119,
2017-580,Australian Open,Hard,20170116,155,David Goffin,R,BEL,26,11,2750,Reilly Opelka,U,19.38672142,208,267,6-4 4-6 6-2 4-6 6-4,R128,176,
2017-580,Australian Open,Hard,20170116,156,Grigor Dimitrov,R,BUL,26,15,2135,Christopher Oconnell,U,22.62286105,231,228,7-6(2) 6-3 6-3,R128,121,
2017-580,Australian Open,Hard,20170116,157,Hyeon Chung,R,KOR,21,105,583,Renzo Olivo,R,24.84052019,79,693,6-2 6-3 6-2,R128,105,
2017-580,Australian Open,Hard,20170116,158,Carlos Berlocq,R,ARG,34,90,632,Radu Albot,R,27.18138261,96,614,6-4 7-6(4) 5-7 7-6(8),R128,236,
2017-580,Australian Open,Hard,20170116,159,Richard Gasquet,R,FRA,31,18,1885,Blake Mott,U,20.73921971,287,173,6-4 6-4 6-2,R128,113,
2017-580,Australian Open,Hard,20170116,160,Pablo Carreno Busta,R,ESP,26,31,1370,Peter Polansky,R,28.58863792,132,454,6-0 3-6 3-6 6-2 3-0 RET,R128,143,
2017-580,Australian Open,Hard,20170116,161,Kyle Edmund,R,GBR,22,46,989,Santiago Giraldo,R,29.13894593,91,631,6-2 7-5 6-3,R128,110,
2017-580,Australian Open,Hard,20170116,162,Denis Istomin,R,UZB,30,117,498,Ivan Dodig,R,32.03832991,170,336,6-1 6-4 3-6 7-5,R128,154,
2017-580,Australian Open,Hard,20170116,163,Novak Djokovic,R,SRB,30,2,11780,Fernando Verdasco,L,33.17180014,40,1105,6-1 7-6(4) 6-2,R128,140,
2017-580,Australian Open,Hard,20170116,164,Andy Murray,R,GBR,30,1,12560,Andrey Rublev,R,19.24161533,152,383,6-3 6-0 6-2,R64,96,
2017-580,Australian Open,Hard,20170116,165,Sam Querrey,R,USA,29,32,1355,Alex De Minaur,R,17.9137577,301,164,7-6(5) 6-0 6-1,R64,108,
2017-580,Australian Open,Hard,20170116,166,Mischa Zverev,L,GER,29,50,894,John Isner,R,31.72621492,19,1850,6-7(4) 6-7(4) 6-4 7-6(7) 9-7,R64,250,
2017-580,Australian Open,Hard,20170116,167,Malek Jaziri,R,TUN,33,56,824,Alexander Bublik,R,19.58384668,207,268,6-2 6-3 7-5,R64,97,
2017-580,Australian Open,Hard,20170116,168,Tomas Berdych,R,CZE,31,10,3060,Ryan Harrison,R,24.6954141,82,664,6-3 7-6(6) 6-2,R64,125,
2017-580,Australian Open,Hard,20170116,169,Roger Federer,R,SUI,35,17,1980,Noah Rubin,R,20.90349076,200,274,7-5 6-3 7-6(3),R64,123,
2017-580,Australian Open,Hard,20170116,170,Lukas Lacko,R,SVK,29,121,486,Dudi Sela,R,31.78644764,67,731,2-6 6-3 6-2 6-4,R64,135,
2017-580,Australian Open,Hard,20170116,171,Kei Nishikori,R,JPN,27,5,5010,Jeremy Chardy,R,29.92744695,72,705,6-3 6-4 6-3,R64,126,
2017-580,Australian Open,Hard,20170116,172,Stanislas Wawrinka,R,SUI,32,4,5155,Steve Johnson,R,27.06365503,30,1390,6-3 6-4 6-4,R64,111,
2017-580,Australian Open,Hard,20170116,173,Viktor Troicki,R,SRB,31,35,1225,Paolo Lorenzi,R,35.08829569,43,1033,6-3 1-6 7-6(3) 3-6 6-3,R64,227,
2017-580,Australian Open,Hard,20170116,174,Steve Darcis,R,BEL,33,71,707,Diego Sebastian Schwartzman,R,24.41889117,54,867,6-3 6-3 2-6 6-4,R64,152,
2017-580,Australian Open,Hard,20170116,175,Andreas Seppi,R,ITA,33,89,635,Nick Kyrgios,R,21.724846,13,2460,1-6 6-7(1) 6-4 6-2 10-8,R64,188,
2017-580,Australian Open,Hard,20170116,176,Jo Wilfried Tsonga,R,FRA,32,12,2505,Dusan Lajovic,R,26.54893908,94,627,6-2 6-2 6-3,R64,105,
2017-580,Australian Open,Hard,20170116,177,Jack Sock,R,USA,24,20,1810,Karen Khachanov,R,20.65708419,52,875,6-3 6-4 6-4,R64,134,
2017-580,Australian Open,Hard,20170116,178,Bernard Tomic,R,AUS,24,27,1420,Victor Estrella,R,36.45722108,103,586,7-5 7-6(4) 4-6 7-6(5),R64,200,
2017-580,Australian Open,Hard,20170116,179,Daniel Evans,R,GBR,27,51,886,Marin Cilic,R,28.30116359,7,3605,3-6 7-5 6-3 6-3,R64,177,
2017-580,Australian Open,Hard,20170116,180,Gael Monfils,R,FRA,30,6,3625,Alexandr Dolgopolov,R,28.19164956,69,715,6-3 6-4 1-6 6-0,R64,116,
2017-580,Australian Open,Hard,20170116,181,Philipp Kohlschreiber,R,GER,33,33,1325,Donald Young,L,27.48528405,85,651,7-5 6-3 6-0,R64,111,
2017-580,Australian Open,Hard,20170116,182,Alexander Zverev,R,GER,20,24,1655,Francis Tiafoe,R,18.98973306,108,550,6-2 6-3 6-4,R64,116,
2017-580,Australian Open,Hard,20170116,183,Rafael Nadal,L,ESP,31,9,3195,Marcos Baghdatis,R,31.58384668,36,1210,6-3 6-1 6-3,R64,132,
2017-580,Australian Open,Hard,20170116,184,Roberto Bautista Agut,R,ESP,29,14,2350,Yoshihito Nishioka,L,21.30595483,99,602,6-2 6-3 6-3,R64,129,
2017-580,Australian Open,Hard,20170116,185,David Ferrer,R,ESP,35,23,1740,Ernesto Escobedo,R,20.53661875,131,455,2-6 6-4 6-4 6-2,R64,166,
2017-580,Australian Open,Hard,20170116,186,Gilles Simon,R,FRA,32,25,1585,Rogerio Dutra Silva,R,32.95277207,100,600,6-4 6-1 6-1,R64,96,
2017-580,Australian Open,Hard,20170116,187,Milos Raonic,R,CAN,26,3,5290,Gilles Muller,L,33.69199179,28,1415,6-3 6-4 7-6(4),R64,119,
2017-580,Australian Open,Hard,20170116,188,Dominic Thiem,R,AUT,23,8,3415,Jordan Thompson,R,22.74332649,76,699,6-2 6-1 6-7(6) 6-4,R64,163,
2017-580,Australian Open,Hard,20170116,189,Benoit Paire,R,FRA,28,47,960,Fabio Fognini,R,29.65092402,48,945,7-6(3) 4-6 6-3 3-6 6-3,R64,208,
2017-580,Australian Open,Hard,20170116,190,Ivo Karlovic,R,CRO,38,21,1795,Andrew Whittington,R,23.43326489,194,289,6-4 6-4 6-4,R64,120,
2017-580,Australian Open,Hard,20170116,191,David Goffin,R,BEL,26,11,2750,Radek Stepanek,R,38.13826146,102,595,6-4 6-0 6-3,R64,104,
2017-580,Australian Open,Hard,20170116,192,Grigor Dimitrov,R,BUL,26,15,2135,Hyeon Chung,R,20.66255989,105,583,1-6 6-4 6-4 6-4,R64,156,
2017-580,Australian Open,Hard,20170116,193,Richard Gasquet,R,FRA,31,18,1885,Carlos Berlocq,R,33.95208761,90,632,6-1 6-1 6-1,R64,105,
2017-580,Australian Open,Hard,20170116,194,Pablo Carreno Busta,R,ESP,26,31,1370,Kyle Edmund,R,22.02327173,46,989,6-2 6-4 6-2,R64,106,
2017-580,Australian Open,Hard,20170116,195,Denis Istomin,R,UZB,30,117,498,Novak Djokovic,R,29.65639973,2,11780,7-6(8) 5-7 2-6 7-6(5) 6-4,R64,288,
2017-580,Australian Open,Hard,20170116,196,Andy Murray,R,GBR,30,1,12560,Sam Querrey,R,29.27857632,32,1355,6-4 6-2 6-4,R32,119,
2017-580,Australian Open,Hard,20170116,197,Mischa Zverev,L,GER,29,50,894,Malek Jaziri,R,32.99110198,56,824,6-1 4-6 6-3 6-0,R32,141,
2017-580,Australian Open,Hard,20170116,198,Roger Federer,R,SUI,35,17,1980,Tomas Berdych,R,31.33196441,10,3060,6-2 6-4 6-4,R32,90,
2017-580,Australian Open,Hard,20170116,199,Kei Nishikori,R,JPN,27,5,5010,Lukas Lacko,R,29.20465435,121,486,6-4 6-4 6-4,R32,131,
2017-580,Australian Open,Hard,20170116,200,Stanislas Wawrinka,R,SUI,32,4,5155,Viktor Troicki,R,30.93223819,35,1225,3-6 6-2 6-2 7-6(7),R32,152,
2017-580,Australian Open,Hard,20170116,201,Andreas Seppi,R,ITA,33,89,635,Steve Darcis,R,32.84599589,71,707,4-6 6-4 7-6(1) 7-6(2),R32,187,
2017-580,Australian Open,Hard,20170116,202,Jo Wilfried Tsonga,R,FRA,32,12,2505,Jack Sock,R,24.31211499,20,1810,7-6(4) 7-5 6-7(8) 6-3,R32,213,
2017-580,Australian Open,Hard,20170116,203,Daniel Evans,R,GBR,27,51,886,Bernard Tomic,R,24.23819302,27,1420,7-5 7-6(2) 7-6(3),R32,168,
2017-580,Australian Open,Hard,20170116,204,Gael Monfils,R,FRA,30,6,3625,Philipp Kohlschreiber,R,33.25393566,33,1325,6-3 7-6(1) 6-4,R32,115,
2017-580,Australian Open,Hard,20170116,205,Rafael Nadal,L,ESP,31,9,3195,Alexander Zverev,R,19.74264203,24,1655,4-6 6-3 6-7(5) 6-3 6-2,R32,245,
2017-580,Australian Open,Hard,20170116,206,Roberto Bautista Agut,R,ESP,29,14,2350,David Ferrer,R,34.7926078,23,1740,7-5 6-7(6) 7-6(3) 6-4,R32,242,
2017-580,Australian Open,Hard,20170116,207,Milos Raonic,R,CAN,26,3,5290,Gilles Simon,R,32.05475702,25,1585,6-2 7-6(5) 3-6 6-3,R32,154,
2017-580,Australian Open,Hard,20170116,208,Dominic Thiem,R,AUT,23,8,3415,Benoit Paire,R,27.69336071,47,960,6-1 4-6 6-4 6-4,R32,143,
2017-580,Australian Open,Hard,20170116,209,David Goffin,R,BEL,26,11,2750,Ivo Karlovic,R,37.88364134,21,1795,6-3 6-2 6-4,R32,87,
2017-580,Australian Open,Hard,20170116,210,Grigor Dimitrov,R,BUL,26,15,2135,Richard Gasquet,R,30.58179329,18,1885,6-3 6-2 6-4,R32,122,
2017-580,Australian Open,Hard,20170116,211,Denis Istomin,R,UZB,30,117,498,Pablo Carreno Busta,R,25.51676934,31,1370,6-4 4-6 6-4 4-6 6-2,R32,207,
2017-580,Australian Open,Hard,20170116,212,Mischa Zverev,L,GER,29,50,894,Andy Murray,R,29.67556468,1,12560,7-5 5-7 6-2 6-4,R16,213,
2017-580,Australian Open,Hard,20170116,213,Roger Federer,R,SUI,35,17,1980,Kei Nishikori,R,27.04996578,5,5010,6-7(4) 6-4 6-1 4-6 6-3,R16,203,
2017-580,Australian Open,Hard,20170116,214,Stanislas Wawrinka,R,SUI,32,4,5155,Andreas Seppi,R,32.90349076,89,635,7-6(2) 7-6(4) 7-6(4),R16,163,
2017-580,Australian Open,Hard,20170116,215,Jo Wilfried Tsonga,R,FRA,32,12,2505,Daniel Evans,R,26.65297741,51,886,6-7(4) 6-2 6-4 6-4,R16,173,
2017-580,Australian Open,Hard,20170116,216,Rafael Nadal,L,ESP,31,9,3195,Gael Monfils,R,30.37645448,6,3625,6-3 6-3 4-6 6-4,R16,175,
2017-580,Australian Open,Hard,20170116,217,Milos Raonic,R,CAN,26,3,5290,Roberto Bautista Agut,R,28.75838467,14,2350,7-6(6) 3-6 6-4 6-1,R16,171,
2017-580,Australian Open,Hard,20170116,218,David Goffin,R,BEL,26,11,2750,Dominic Thiem,R,23.37029432,8,3415,5-7 7-6(4) 6-2 6-2,R16,163,
2017-580,Australian Open,Hard,20170116,219,Grigor Dimitrov,R,BUL,26,15,2135,Denis Istomin,R,30.36002738,117,498,2-6 7-6(2) 6-2 6-1,R16,144,
2017-580,Australian Open,Hard,20170116,220,Roger Federer,R,SUI,35,17,1980,Mischa Zverev,L,29.40451745,50,894,6-1 7-5 6-2,QF,92,
2017-580,Australian Open,Hard,20170116,221,Stanislas Wawrinka,R,SUI,32,4,5155,Jo Wilfried Tsonga,R,31.75085558,12,2505,7-6(2) 6-4 6-3,QF,134,
2017-580,Australian Open,Hard,20170116,222,Rafael Nadal,L,ESP,31,9,3195,Milos Raonic,R,26.05612594,3,5290,6-4 7-6(7) 6-4,QF,164,
2017-580,Australian Open,Hard,20170116,223,Grigor Dimitrov,R,BUL,26,15,2135,David Goffin,R,26.11088296,11,2750,6-3 6-2 6-4,QF,132,
2017-580,Australian Open,Hard,20170116,224,Roger Federer,R,SUI,35,17,1980,Stanislas Wawrinka,R,31.80561259,4,5155,7-5 6-3 1-6 4-6 6-3,SF,184,
2017-580,Australian Open,Hard,20170116,225,Rafael Nadal,L,ESP,31,9,3195,Grigor Dimitrov,R,25.67282683,15,2135,6-3 5-7 7-6(5) 6-7(4) 6-4,SF,296,
2017-580,Australian Open,Hard,20170116,226,Roger Federer,R,SUI,35,17,1980,Rafael Nadal,L,30.62286105,9,3195,6-4 3-6 6-1 3-6 6-3,F,217,
2017-M-DC-2017-G1-AM-M-DOM-CHI-01,Davis Cup G1 R1: DOM vs CHI,Hard,20170203,1,Nicolas Jarry,R,CHI,21,312,157,Jose Hernandez,U,26.88569473,263,195,6-3 7-5 6-2,RR,107,
2017-M-DC-2017-G1-AM-M-DOM-CHI-01,Davis Cup G1 R1: DOM vs CHI,Hard,20170203,2,Christian Garin,R,CHI,21,189,295,Roberto Cid,R,23.41957563,507,72,5-7 6-1 6-2 6-2,RR,163,
2017-M-DC-2017-G1-AM-M-DOM-CHI-01,Davis Cup G1 R1: DOM vs CHI,Hard,20170203,4,Marcelo Tomas Barrios Vera,U,CHI,19,454,86,Jose Olivares,,20.06023272,722,31,7-6(8) 7-6(2),RR,105,
2017-M-DC-2017-G1-AM-M-DOM-CHI-01,Davis Cup G1 R1: DOM vs CHI,Hard,20170203,5,Nicolas Jarry,R,CHI,21,312,157,Nick Hardt,U,16.3613963,1772,1,6-3 6-3,RR,,
2017-M-DC-2017-G1-AM-M-PER-ECU-01,Davis Cup G1 R1: PER vs ECU,Clay,20170203,1,Emilio Gomez,R,ECU,25,293,172,Juan Pablo Varillas Patino Samudio,R,21.31964408,633,45,6-3 6-0 6-7(5) 2-6 6-3,RR,214,
2017-M-DC-2017-G1-AM-M-PER-ECU-01,Davis Cup G1 R1: PER vs ECU,Clay,20170203,2,Roberto Quiroz,L,ECU,25,289,176,Mauricio Echazu,R,28.02464066,844,19,5-7 6-4 6-1 6-3,RR,164,
2017-M-DC-2017-G1-AM-M-PER-ECU-01,Davis Cup G1 R1: PER vs ECU,Clay,20170203,4,Roberto Quiroz,L,ECU,25,289,176,Juan Pablo Varillas Patino Samudio,R,21.31964408,633,45,6-4 7-6(6),RR,90,
2017-M-DC-2017-G1-AM-M-PER-ECU-01,Davis Cup G1 R1: PER vs ECU,Clay,20170203,5,Gonzalo Escobar,L,ECU,28,508,72,Alexander Merino,L,24.41615332,1340,4,6-3 6-0,RR,46,
2017-M-DC-2017-G1-AO-M-NZL-IND-01,Davis Cup G1 R1: NZL vs IND,Hard,20170203,1,Yuki Bhambri,R,IND,25,368,121,Finn Tearney,R,26.34360027,414,102,6-4 6-4 6-3,RR,,
2017-M-DC-2017-G1-AO-M-NZL-IND-01,Davis Cup G1 R1: NZL vs IND,Hard,20170203,2,Ramkumar Ramanathan,R,IND,22,276,186,Jose Rubin Statham,R,29.76865161,417,100,6-3 6-4 6-3,RR,112,
2017-M-DC-2017-G1-AO-M-NZL-IND-01,Davis Cup G1 R1: NZL vs IND,Hard,20170203,4,Ramkumar Ramanathan,R,IND,22,276,186,Finn Tearney,R,26.34360027,414,102,7-5 6-1 6-0,RR,,
2017-M-DC-2017-G1-AO-M-NZL-IND-01,Davis Cup G1 R1: NZL vs IND,Hard,20170203,5,Yuki Bhambri,R,IND,25,368,121,Jose Rubin Statham,R,29.76865161,417,100,7-5 3-6 6-4,RR,,
2017-M-DC-2017-G1-AO-M-UZB-KOR-01,Davis Cup G1 R1: UZB vs KOR,Hard,20170203,1,Hyeon Chung,R,KOR,21,73,698,Sanjar Fayziev,U,22.50787132,367,123,6-4 6-4 6-7(5) 4-6 6-0,RR,208,
2017-M-DC-2017-G1-AO-M-UZB-KOR-01,Davis Cup G1 R1: UZB vs KOR,Hard,20170203,2,Denis Istomin,R,UZB,30,80,668,Duck Hee Lee,R,18.67488022,139,431,4-6 6-2 7-6(0) 6-4,RR,165,
2017-M-DC-2017-G1-AO-M-UZB-KOR-01,Davis Cup G1 R1: UZB vs KOR,Hard,20170203,4,Denis Istomin,R,UZB,30,80,668,Soon Woo Kwon,R,19.16221766,308,162,3-6 7-6(5) 6-2 7-6(12),RR,196,
2017-M-DC-2017-G1-EPA-M-ISR-POR-01,Davis Cup G1 R1: ISR vs POR,Clay,20170203,1,Joao Sousa,R,POR,28,41,1055,Yshai Oliel,L,17.07049966,928,14,6-1 6-1 6-2,RR,88,
2017-M-DC-2017-G1-EPA-M-ISR-POR-01,Davis Cup G1 R1: ISR vs POR,Clay,20170203,2,Gastao Elias,R,POR,26,76,685,Dudi Sela,R,31.82477755,75,686,1-6 6-2 6-4 6-2,RR,146,
2017-M-DC-2017-G1-EPA-M-ISR-POR-01,Davis Cup G1 R1: ISR vs POR,Clay,20170203,4,Frederico Ferreira Silva,L,POR,22,363,127,Daniel Cukierman,U,21.5633128,528,66,6-2 6-0,RR,57,
2017-M-DC-2017-G1-EPA-M-ISR-POR-01,Davis Cup G1 R1: ISR vs POR,Clay,20170203,5,Pedro Sousa,R,POR,29,192,293,Yshai Oliel,L,17.07049966,928,14,6-2 6-0,RR,44,
2017-M-DC-2017-G1-EPA-M-POL-BIH-01,Davis Cup G1 R1: POL vs BIH,Hard,20170203,1,Mirza Basic,R,BIH,26,212,256,Kamil Majchrzak,R,21.04859685,259,199,6-4 6-3 RET,RR,88,
2017-M-DC-2017-G1-EPA-M-POL-BIH-01,Davis Cup G1 R1: POL vs BIH,Hard,20170203,2,Damir Dzumhur,R,BIH,25,82,659,Hubert Hurkacz,R,19.96714579,379,115,7-6(1) 7-5 7-5,RR,134,
2017-M-DC-2017-G1-EPA-M-POL-BIH-01,Davis Cup G1 R1: POL vs BIH,Hard,20170203,4,Damir Dzumhur,R,BIH,25,82,659,Kamil Majchrzak,R,21.04859685,259,199,Walkover,RR,,
2017-M-DC-2017-G1-EPA-M-POL-BIH-01,Davis Cup G1 R1: POL vs BIH,Hard,20170203,5,Tomislav Brkic,R,BIH,27,418,100,Hubert Hurkacz,R,19.96714579,379,115,7-6(1) 4-6 7-5,RR,134,
2017-M-DC-2017-G1-EPA-M-ROU-BLR-01,Davis Cup G1 R1: ROU vs BLR,Hard,20170203,1,Adrian Ungur,R,ROU,32,313,155,Ilya Ivashka,R,22.93223819,175,323,6-2 5-7 7-5 6-4,RR,183,
2017-M-DC-2017-G1-EPA-M-ROU-BLR-01,Davis Cup G1 R1: ROU vs BLR,Hard,20170203,2,Egor Gerasimov,R,BLR,24,341,139,Marius Copil,R,26.28884326,129,464,6-3 6-4 6-4,RR,101,
2017-M-DC-2017-G1-EPA-M-ROU-BLR-01,Davis Cup G1 R1: ROU vs BLR,Hard,20170203,4,Marius Copil,R,ROU,26,129,464,Ilya Ivashka,R,22.93223819,175,323,7-5 6-4 6-1,RR,122,
2017-M-DC-2017-G1-EPA-M-ROU-BLR-01,Davis Cup G1 R1: ROU vs BLR,Hard,20170203,5,Egor Gerasimov,R,BLR,24,341,139,Adrian Ungur,R,32.01368925,313,155,7-6(5) 6-4 6-4,RR,137,
2017-M-DC-2017-G1-EPA-M-SVK-HUN-01,Davis Cup G1 R2: SVK vs HUN,Hard,20170203,1,Martin Klizan,L,SVK,28,36,1230,Attila Balazs,R,28.34223135,284,179,6-1 6-2 3-6 6-4,RR,150,
2017-M-DC-2017-G1-EPA-M-SVK-HUN-01,Davis Cup G1 R2: SVK vs HUN,Hard,20170203,2,Marton Fucsovics,R,HUN,25,159,361,Jozef Kovalik,R,24.23819302,115,519,6-2 6-7(4) 6-3 6-4,RR,153,
2017-M-DC-2017-G1-EPA-M-SVK-HUN-01,Davis Cup G1 R2: SVK vs HUN,Hard,20170203,4,Marton Fucsovics,R,HUN,25,159,361,Martin Klizan,L,27.55646817,36,1230,3-6 6-3 6-3 7-5,RR,154,
2017-M-DC-2017-G2-AM-M-BAH-VEN-01,Davis Cup G2 R1: BAH vs VEN,Hard,20170203,1,Ricardo Rodriguez,R,VEN,24,753,27,Philip Wilbert Major,L,20.91444216,,,6-7(5) 6-1 6-1 6-1,RR,163,
2017-M-DC-2017-G2-AM-M-BAH-VEN-01,Davis Cup G2 R1: BAH vs VEN,Hard,20170203,2,Luis David Martinez,U,VEN,28,1231,5,Spencer Newman,R,23.73716632,,,7-5 6-0 7-6(5),RR,148,
2017-M-DC-2017-G2-AM-M-BAH-VEN-01,Davis Cup G2 R1: BAH vs VEN,Hard,20170203,4,Ricardo Rodriguez,R,VEN,24,753,27,Justin Lunn,U,25.62080767,,,6-0 6-2,RR,66,
2017-M-DC-2017-G2-AM-M-BAH-VEN-01,Davis Cup G2 R1: BAH vs VEN,Hard,20170203,5,Jordi Munoz Abreu,U,VEN,27,1259,5,Philip Wilbert Major,L,20.91444216,,,6-7(8) 6-4 6-3,RR,167,
2017-M-DC-2017-G2-AM-M-BAR-PAR-01,Davis Cup G2 R1: BAR vs PAR,Clay,20170203,1,Ayed Zatar,R,PAR,21,,,Haydn Lewis,L,31.07734428,,,7-6(5) 7-5 6-2,RR,150,
2017-M-DC-2017-G2-AM-M-BAR-PAR-01,Davis Cup G2 R1: BAR vs PAR,Clay,20170203,2,Darian King,R,BAR,25,142,426,Bruno Britez,,18.69130732,,,6-2 6-3 6-3,RR,134,
2017-M-DC-2017-G2-AM-M-BAR-PAR-01,Davis Cup G2 R1: BAR vs PAR,Clay,20170203,4,Darian King,R,BAR,25,142,426,Ayed Zatar,R,20.84052019,,,7-6(2) 6-1 6-1,RR,97,
2017-M-DC-2017-G2-AM-M-BAR-PAR-01,Davis Cup G2 R1: BAR vs PAR,Clay,20170203,5,Bruno Britez,,PAR,19,,,Seanon Williams,R,25.97125257,,,6-3 6-2,RR,67,
2017-M-DC-2017-G2-AM-M-BOL-ESA-01,Davis Cup G2 R1: BOL vs ESA,Hard,20170203,1,Federico Zeballos,U,BOL,29,509,72,Alberto Emmanuel Alvarado Larin,U,22.16563997,,,6-4 6-2 6-3,RR,115,
2017-M-DC-2017-G2-AM-M-BOL-ESA-01,Davis Cup G2 R1: BOL vs ESA,Hard,20170203,2,Marcelo Arevalo,R,ESA,26,181,315,Hugo Dellien,R,23.62491444,743,28,6-2 6-4 7-5,RR,134,
2017-M-DC-2017-G2-AM-M-BOL-ESA-01,Davis Cup G2 R1: BOL vs ESA,Hard,20170203,4,Marcelo Arevalo,R,ESA,26,181,315,Federico Zeballos,U,28.67077344,509,72,6-3 6-3 6-1,RR,,
2017-M-DC-2017-G2-AM-M-BOL-ESA-01,Davis Cup G2 R1: BOL vs ESA,Hard,20170203,5,Rodrigo Banzer,R,BOL,20,,,Alberto Emmanuel Alvarado Larin,U,22.16563997,,,6-2 6-0,RR,,
2017-M-DC-2017-G2-AM-M-MEX-GUA-01,Davis Cup G2 R1: MEX vs GUA,Hard,20170203,1,Wilfredo Gonzalez,R,GUA,24,1019,11,Luis Patino,R,23.31827515,730,30,6-4 6-2 6-4,RR,131,
2017-M-DC-2017-G2-AM-M-MEX-GUA-01,Davis Cup G2 R1: MEX vs GUA,Hard,20170203,2,Manuel Sanchez,R,MEX,26,790,23,Christopher Diaz Figueroa,R,26.88295688,677,38,6-2 6-2 7-6(2),RR,134,
2017-M-DC-2017-G2-AM-M-MEX-GUA-01,Davis Cup G2 R1: MEX vs GUA,Hard,20170203,4,Christopher Diaz Figueroa,R,GUA,27,677,38,Gerardo Lopez Villasenor,U,,1772,1,6-7(5) 6-4 7-5 6-2,RR,200,
2017-M-DC-2017-G2-AO-M-INA-PHI-01,Davis Cup G2 R1: INA vs PHI,Clay,20170203,1,David Agung Susanto,U,INA,26,740,29,Alberto Lim,R,17.70568104,,,3-6 2-6 6-2 6-1 1-1 RET,RR,187,
2017-M-DC-2017-G2-AO-M-INA-PHI-01,Davis Cup G2 R1: INA vs PHI,Clay,20170203,2,Ruben Gonzales,R,PHI,31,925,14,Aditya Hari Sasongko,U,28.57494867,1568,2,6-2 6-2 6-4,RR,115,
2017-M-DC-2017-G2-AO-M-INA-PHI-01,Davis Cup G2 R1: INA vs PHI,Clay,20170203,4,Ruben Gonzales,R,PHI,31,925,14,David Agung Susanto,U,25.53045859,740,29,6-2 6-3 6-4,RR,122,
2017-M-DC-2017-G2-AO-M-INA-PHI-01,Davis Cup G2 R1: INA vs PHI,Clay,20170203,5,Alberto Lim,R,PHI,18,,,Anthony Susanto,U,19.69062286,2031,1,7-5 6-3,RR,86,
2017-M-DC-2017-G2-AO-M-KUW-THA-01,Davis Cup G2 R1: KUW vs THA,Hard,20170203,1,Jirat Navasirisomboon,R,THA,20,997,12,Abdullah Maqdas,U,29.83709788,1298,4,6-2 6-4 6-7(4) 6-4,RR,163,
2017-M-DC-2017-G2-AO-M-KUW-THA-01,Davis Cup G2 R1: KUW vs THA,Hard,20170203,2,Mohammad Ghareeb,R,KUW,37,,,Wishaya Trongcharoenchaikul,R,21.81519507,773,25,6-4 3-6 6-3 6-7(3) 6-0,RR,188,
2017-M-DC-2017-G2-AO-M-KUW-THA-01,Davis Cup G2 R1: KUW vs THA,Hard,20170203,4,Wishaya Trongcharoenchaikul,R,THA,22,773,25,Abdullah Maqdas,U,29.83709788,1298,4,6-4 6-2 5-7 4-6 7-6(3),RR,220,
2017-M-DC-2017-G2-AO-M-PAK-IRI-01,Davis Cup G2 R1: PAK vs IRI,Hard,20170203,1,Aqeel Khan,R,PAK,37,,,Shahin Khaledan,R,26.65023956,1995,1,7-6(1) 6-4 6-2,RR,131,
2017-M-DC-2017-G2-AO-M-PAK-IRI-01,Davis Cup G2 R1: PAK vs IRI,Hard,20170203,2,Aisam Ul Haq Qureshi,R,PAK,37,,,Anoosha Shahgholi,U,35.22245038,1865,1,6-1 6-2 6-2,RR,78,
2017-M-DC-2017-G2-AO-M-PAK-IRI-01,Davis Cup G2 R1: PAK vs IRI,Hard,20170203,4,Hamid Reza Nadaf,R,IRI,24,,,M Abid Ali Khan Akbar,U,26.52703628,1491,2,6-7(4) 6-4 6-3,RR,,
2017-M-DC-2017-G2-AO-M-PAK-IRI-01,Davis Cup G2 R1: PAK vs IRI,Hard,20170203,5,Shahin Khaledan,R,IRI,27,1995,1,Mahammad Abid,U,22.66119097,,,7-6(8) 6-3,RR,,
2017-M-DC-2017-G2-AO-M-VIE-HKG-01,Davis Cup G2 R1: VIE vs HKG,Hard,20170203,1,Hong Kit Jack Wong,U,HKG,18,911,15,Thien Nguyen Hoang,R,21.88911704,1443,3,6-7(4) 7-5 6-3 3-6 6-0,RR,206,
2017-M-DC-2017-G2-AO-M-VIE-HKG-01,Davis Cup G2 R1: VIE vs HKG,Hard,20170203,2,Nam Hoang Ly,R,VIE,20,635,44,Hei Yin Andrew Li,R,19.84394251,1511,2,6-1 6-2 6-4,RR,117,
2017-M-DC-2017-G2-AO-M-VIE-HKG-01,Davis Cup G2 R1: VIE vs HKG,Hard,20170203,4,Nam Hoang Ly,R,VIE,20,635,44,Hong Kit Jack Wong,U,18.4202601,911,15,6-3 7-6(8) 6-4,RR,150,
2017-M-DC-2017-G2-AO-M-VIE-HKG-01,Davis Cup G2 R1: VIE vs HKG,Hard,20170203,5,Karan Rastogi,R,IND,30,1511,2,Thien Nguyen Hoang,R,21.88911704,1443,3,6-7(4) 6-1 6-2 6-1,RR,,
2017-M-DC-2017-G2-EPA-M-EST-RSA-01,Davis Cup G2 R1: EST vs RSA,Hard,20170203,1,Nicolaas Scholtz,R,RSA,26,517,70,Jurgen Zopp,R,28.84052019,317,153,4-6 6-4 6-3 RET,RR,116,
2017-M-DC-2017-G2-EPA-M-EST-RSA-01,Davis Cup G2 R1: EST vs RSA,Hard,20170203,2,Lloyd George Muirhead Harris,R,RSA,20,288,176,Vladimir Ivanov,R,29.80971937,442,90,6-4 6-3 6-2,RR,114,
2017-M-DC-2017-G2-EPA-M-EST-RSA-01,Davis Cup G2 R1: EST vs RSA,Hard,20170203,4,Lloyd George Muirhead Harris,R,RSA,20,288,176,Mattias Siimar,U,18.98973306,1511,2,7-5 6-3,RR,76,
2017-M-DC-2017-G2-EPA-M-EST-RSA-01,Davis Cup G2 R1: EST vs RSA,Hard,20170203,5,Vladimir Ivanov,R,EST,30,442,90,Nicolaas Scholtz,R,25.98494182,517,70,7-6(3) 6-3,RR,89,
2017-M-DC-2017-G2-EPA-M-FIN-GEO-01,Davis Cup G2 R1: FIN vs GEO,Carpet,20170203,1,Nikoloz Basilashvili,R,RUS,25,89,630,Eero Vasa,U,,1112,8,2-6 6-1 6-4 6-1,RR,117,
2017-M-DC-2017-G2-EPA-M-FIN-GEO-01,Davis Cup G2 R1: FIN vs GEO,Carpet,20170203,2,Harri Heliovaara,R,FIN,28,,,George Tsivadze,U,24.07665982,819,21,7-5 6-2 6-1,RR,112,
2017-M-DC-2017-G2-EPA-M-FIN-GEO-01,Davis Cup G2 R1: FIN vs GEO,Carpet,20170203,4,Nikoloz Basilashvili,R,RUS,25,89,630,Emil Ruusuvuori,R,17.83162218,1511,2,6-2 6-4 6-4,RR,110,
2017-M-DC-2017-G2-EPA-M-LTU-MAD-01,Davis Cup G2 R1: LTU vs MAD,Hard,20170203,1,Laurynas Grigelis,R,LTU,25,267,192,Lucas Andriamasilalao,R,19.60574949,,,6-1 6-2 6-4,RR,82,
2017-M-DC-2017-G2-EPA-M-LTU-MAD-01,Davis Cup G2 R1: LTU vs MAD,Hard,20170203,2,Antso Rakotondramanga,U,MAD,29,,,Tadas Babelis,U,19.92881588,1345,4,6-4 6-4 6-3,RR,97,
2017-M-DC-2017-G2-EPA-M-LTU-MAD-01,Davis Cup G2 R1: LTU vs MAD,Hard,20170203,4,Laurynas Grigelis,R,LTU,25,267,192,Antso Rakotondramanga,U,28.53935661,,,6-4 7-6(6) 6-4,RR,116,
2017-M-DC-2017-G2-EPA-M-LTU-MAD-01,Davis Cup G2 R1: LTU vs MAD,Hard,20170203,5,Jean Jacques Rakotohasy,,MAD,22,,,Tomas Vaise,U,19.02532512,,,6-3 4-6 6-2,RR,89,
2017-M-DC-2017-G2-EPA-M-MAR-DEN-01,Davis Cup G2 R1: MAR vs DEN,Carpet,20170203,1,Frederik Nielsen,R,DEN,33,408,104,Amine Ahouda,U,19.38672142,861,18,6-1 6-3 6-3,RR,80,
2017-M-DC-2017-G2-EPA-M-MAR-DEN-01,Davis Cup G2 R1: MAR vs DEN,Carpet,20170203,2,Reda El Amrani,R,MAR,29,682,36,Soren Hess Olesen,U,26.05886379,,,6-2 3-6 6-2 7-6(5),RR,146,
2017-M-DC-2017-G2-EPA-M-MAR-DEN-01,Davis Cup G2 R1: MAR vs DEN,Carpet,20170203,4,Frederik Nielsen,R,DEN,33,408,104,Reda El Amrani,R,28.7008898,682,36,6-2 3-6 6-3 6-4,RR,127,
2017-M-DC-2017-G2-EPA-M-MAR-DEN-01,Davis Cup G2 R1: MAR vs DEN,Carpet,20170203,5,Soren Hess Olesen,U,DEN,26,,,Mehdi Jdi,R,28.13141684,1252,5,3-6 6-0 6-0,RR,58,
2017-M-DC-2017-G2-EPA-M-MON-SLO-01,Davis Cup G2 R1: MON vs SLO,Hard,20170203,1,Blaz Kavcic,R,SLO,30,171,334,Lucas Catarina,R,20.42984257,885,17,6-4 2-6 6-2 6-4,RR,164,
2017-M-DC-2017-G2-EPA-M-MON-SLO-01,Davis Cup G2 R1: MON vs SLO,Hard,20170203,2,Grega Zemlja,R,SLO,30,151,397,Romain Arneodo,R,24.49007529,954,13,6-3 6-4 6-7(5) 6-4,RR,175,
2017-M-DC-2017-G2-EPA-M-MON-SLO-01,Davis Cup G2 R1: MON vs SLO,Hard,20170203,4,Grega Zemlja,R,SLO,30,151,397,Lucas Catarina,R,20.42984257,885,17,6-2 6-3 6-1,RR,101,
2017-M-DC-2017-G2-EPA-M-MON-SLO-01,Davis Cup G2 R1: MON vs SLO,Hard,20170203,5,Thomas Oger,U,MON,37,,,Tilen Zitnik,U,25.58247776,1654,1,1-6 6-4 6-2,RR,89,
2017-M-DC-2017-G2-EPA-M-NOR-LAT-01,Davis Cup G2 R1: NOR vs LAT,Hard,20170203,1,Casper Ruud,R,NOR,18,217,247,Martins Podzus,R,22.59000684,860,18,6-3 6-1 7-5,RR,114,
2017-M-DC-2017-G2-EPA-M-NOR-LAT-01,Davis Cup G2 R1: NOR vs LAT,Hard,20170203,2,Viktor Durasovic,U,NOR,20,630,46,Mikelis Libietis,U,24.56125941,380,115,6-7(5) 6-4 6-1 7-6(3),RR,185,
2017-M-DC-2017-G2-EPA-M-NOR-LAT-01,Davis Cup G2 R1: NOR vs LAT,Hard,20170203,4,Simen Sunde Bratholm,R,NOR,18,1376,3,Rudolfs Mednis,U,19.03080082,1544,2,5-7 7-6(5) 7-6(6),RR,162,
2017-M-DC-2017-G2-EPA-M-NOR-LAT-01,Davis Cup G2 R1: NOR vs LAT,Hard,20170203,5,Viktor Durasovic,U,NOR,20,630,46,Arturs Lazdins,R,19.8110883,1469,3,Walkover,RR,,
2017-M-DC-2017-G2-EPA-M-SWE-TUN-01,Davis Cup G2 R1: SWE vs TUN,Hard,20170203,1,Malek Jaziri,R,TUN,33,51,904,Isak Arvidsson,R,24.48459959,569,57,6-4 7-5 6-2,RR,128,
2017-M-DC-2017-G2-EPA-M-SWE-TUN-01,Davis Cup G2 R1: SWE vs TUN,Hard,20170203,2,Patrik Rosenholm,R,SWE,29,531,65,Mohamed Aziz Dougaz,L,19.84941821,,,7-6(4) 6-3 3-6 4-6 6-3,RR,220,
2017-M-DC-2017-G2-EPA-M-SWE-TUN-01,Davis Cup G2 R1: SWE vs TUN,Hard,20170203,4,Malek Jaziri,R,TUN,33,51,904,Patrik Rosenholm,R,28.90622861,531,65,6-3 6-3 6-1,RR,124,
2017-M-DC-2017-G2-EPA-M-SWE-TUN-01,Davis Cup G2 R1: SWE vs TUN,Hard,20170203,5,Isak Arvidsson,R,SWE,24,569,57,Mohamed Aziz Dougaz,L,19.84941821,,,6-7(7) 6-2 6-1 3-6 6-3,RR,251,
2017-M-DC-2017-G2-EPA-M-TUR-CYP-01,Davis Cup G2 R1: TUR vs CYP,Hard,20170203,1,Cem Ilkel,R,TUR,21,354,129,Petros Chrysochos,R,20.81314168,1365,3,6-7(4) 3-6 6-3 6-0 6-4,RR,201,
2017-M-DC-2017-G2-EPA-M-TUR-CYP-01,Davis Cup G2 R1: TUR vs CYP,Hard,20170203,2,Marsel Ilhan,R,TUR,30,238,219,Menelaos Efstathiou,U,17.91649555,1505,2,5-7 1-6 6-4 7-6(5) 6-4,RR,213,
2017-M-DC-2017-G2-EPA-M-TUR-CYP-01,Davis Cup G2 R1: TUR vs CYP,Hard,20170203,4,Marsel Ilhan,R,TUR,30,238,219,Petros Chrysochos,R,20.81314168,1365,3,5-7 7-5 7-6(2) 6-4,RR,181,
2017-M-DC-2017-G2-EPA-M-TUR-CYP-01,Davis Cup G2 R1: TUR vs CYP,Hard,20170203,5,Altug Celikbilek,U,TUR,20,532,65,Nicholas Campbell,U,46.03696099,,,6-3 7-6(1),RR,71,
2017-M-DC-2017-WG-M-ARG-ITA-01,Davis Cup WG R1: ARG vs ITA,Clay,20170203,1,Paolo Lorenzi,R,ITA,35,43,1042,Guido Pella,L,26.70773443,84,650,6-3 6-3 6-3,RR,145,
2017-M-DC-2017-WG-M-ARG-ITA-01,Davis Cup WG R1: ARG vs ITA,Clay,20170203,2,Andreas Seppi,R,ITA,33,68,725,Carlos Berlocq,R,33.99041752,81,668,6-1 6-2 1-6 7-6(6),RR,178,
2017-M-DC-2017-WG-M-ARG-ITA-01,Davis Cup WG R1: ARG vs ITA,Clay,20170203,4,Carlos Berlocq,R,ARG,34,81,668,Paolo Lorenzi,R,35.1266256,43,1042,4-6 6-4 6-1 3-6 6-3,RR,254,
2017-M-DC-2017-WG-M-ARG-ITA-01,Davis Cup WG R1: ARG vs ITA,Clay,20170203,5,Fabio Fognini,R,ITA,30,48,980,Guido Pella,L,26.70773443,84,650,2-6 4-6 6-3 6-4 6-2,RR,255,
2017-M-DC-2017-WG-M-BEL-GER-01,Davis Cup WG R1: BEL vs GER,Hard,20170203,1,Steve Darcis,R,BEL,33,58,787,Philipp Kohlschreiber,R,33.29226557,29,1405,6-4 3-6 2-6 7-6(2) 7-6(5),RR,233,
2017-M-DC-2017-WG-M-BEL-GER-01,Davis Cup WG R1: BEL vs GER,Hard,20170203,2,Alexander Zverev,R,GER,20,22,1735,Arthur De Greef,R,24.84599589,143,421,6-3 6-3 6-4,RR,103,
2017-M-DC-2017-WG-M-BEL-GER-01,Davis Cup WG R1: BEL vs GER,Hard,20170203,4,Steve Darcis,R,BEL,33,58,787,Alexander Zverev,R,19.78097194,22,1735,2-6 6-4 6-4 7-6(8),RR,182,
2017-M-DC-2017-WG-M-BEL-GER-01,Davis Cup WG R1: BEL vs GER,Hard,20170203,5,Ruben Bemelmans,L,BEL,29,141,429,Mischa Zverev,L,29.44284736,35,1238,7-5 6-1,RR,50,
2017-M-DC-2017-WG-M-CAN-GBR-01,Davis Cup WG R1: CAN vs GBR,Hard,20170203,1,Daniel Evans,R,GBR,27,45,1031,Denis Shapovalov,L,17.79603012,234,223,6-3 6-3 6-4,RR,110,
2017-M-DC-2017-WG-M-CAN-GBR-01,Davis Cup WG R1: CAN vs GBR,Hard,20170203,2,Vasek Pospisil,R,CAN,27,133,438,Kyle Edmund,R,22.06160164,47,988,6-4 6-1 7-6(3),RR,128,
2017-M-DC-2017-WG-M-CAN-GBR-01,Davis Cup WG R1: CAN vs GBR,Hard,20170203,4,Vasek Pospisil,R,CAN,27,133,438,Daniel Evans,R,26.69130732,45,1031,7-6(3) 6-4 3-6 7-6(5),RR,203,
2017-M-DC-2017-WG-M-CAN-GBR-01,Davis Cup WG R1: CAN vs GBR,Hard,20170203,5,Kyle Edmund,R,GBR,22,47,988,Denis Shapovalov,L,17.79603012,234,223,6-3 6-4 2-1 DEF,RR,78,
2017-M-DC-2017-WG-M-CZE-AUS-01,Davis Cup WG R1: CZE vs AUS,Hard,20170203,1,Jordan Thompson,R,AUS,23,65,744,Jiri Vesely,L,23.55920602,54,873,6-3 6-3 6-4,RR,126,
2017-M-DC-2017-WG-M-CZE-AUS-01,Davis Cup WG R1: CZE vs AUS,Hard,20170203,2,Nick Kyrgios,R,AUS,22,15,2415,Jan Satral,R,26.52156057,157,370,6-2 6-3 6-2,RR,95,
2017-M-DC-2017-WG-M-CZE-AUS-01,Davis Cup WG R1: CZE vs AUS,Hard,20170203,4,Jiri Vesely,L,CZE,24,54,873,Samuel Groth,R,29.28405202,182,310,3-6 7-5 6-3,RR,107,
2017-M-DC-2017-WG-M-CZE-AUS-01,Davis Cup WG R1: CZE vs AUS,Hard,20170203,5,Jordan Thompson,R,AUS,23,65,744,Jan Satral,R,26.52156057,157,370,7-6(5) 6-2,RR,91,
2017-M-DC-2017-WG-M-ESP-CRO-01,Davis Cup WG R1: ESP vs CRO,Hard,20170203,1,Franco Skugor,R,CRO,29,223,238,Pablo Carreno Busta,R,25.55509925,26,1450,3-6 6-3 6-4 4-6 7-6(6),RR,243,
2017-M-DC-2017-WG-M-ESP-CRO-01,Davis Cup WG R1: ESP vs CRO,Hard,20170203,2,Roberto Bautista Agut,R,ESP,29,16,2350,Ante Pavic,R,27.90143737,486,77,6-4 6-2 6-3,RR,124,
2017-M-DC-2017-WG-M-ESP-CRO-01,Davis Cup WG R1: ESP vs CRO,Hard,20170203,4,Roberto Bautista Agut,R,ESP,29,16,2350,Franco Skugor,R,29.36344969,223,238,6-1 6-7(4) 6-3 7-6(6),RR,199,
2017-M-DC-2017-WG-M-ESP-CRO-01,Davis Cup WG R1: ESP vs CRO,Hard,20170203,5,Pablo Carreno Busta,R,ESP,26,26,1450,Nikola Mektic,R,28.10130048,319,151,7-6(4) 6-1 6-4,RR,135,
2017-M-DC-2017-WG-M-JPN-FRA-01,Davis Cup WG R1: JPN vs FRA,Hard,20170203,1,Richard Gasquet,R,FRA,31,18,1975,Taro Daniel,R,24.00821355,114,522,6-2 6-3 6-2,RR,122,
2017-M-DC-2017-WG-M-JPN-FRA-01,Davis Cup WG R1: JPN vs FRA,Hard,20170203,2,Gilles Simon,R,FRA,32,24,1495,Yoshihito Nishioka,L,21.34428474,85,647,6-3 6-3 6-4,RR,119,
2017-M-DC-2017-WG-M-JPN-FRA-01,Davis Cup WG R1: JPN vs FRA,Hard,20170203,4,Nicolas Mahut,R,FRA,35,42,1050,Yoshihito Nishioka,L,21.34428474,85,647,6-1 1-1 RET,RR,33,
2017-M-DC-2017-WG-M-JPN-FRA-01,Davis Cup WG R1: JPN vs FRA,Hard,20170203,5,Yasutaka Uchiyama,R,JPN,24,230,227,Pierre Hugues Herbert,R,25.87268994,101,600,6-4 6-4,RR,60,
2017-M-DC-2017-WG-M-RUS-SRB-01,Davis Cup WG R1: RUS vs SRB,Hard,20170203,1,Viktor Troicki,R,SRB,31,37,1225,Karen Khachanov,R,20.6954141,52,904,6-4 6-7(3) 6-3 1-6 7-6(6),RR,270,
2017-M-DC-2017-WG-M-RUS-SRB-01,Davis Cup WG R1: RUS vs SRB,Hard,20170203,2,Novak Djokovic,R,SRB,30,2,9825,Daniil Medvedev,R,20.96919918,63,749,3-6 6-4 6-1 1-0 RET,RR,136,
2017-M-DC-2017-WG-M-RUS-SRB-01,Davis Cup WG R1: RUS vs SRB,Hard,20170203,5,Daniil Medvedev,R,RUS,21,63,749,Nenad Zimonjic,R,40.65708419,,,Walkover,RR,,
2017-M-DC-2017-WG-M-SUI-USA-01,Davis Cup WG R1: SUI vs USA,Hard,20170203,1,Jack Sock,R,USA,24,20,1855,Marco Chiudinelli,R,35.38945927,146,414,6-4 6-3 6-1,RR,118,
2017-M-DC-2017-WG-M-SUI-USA-01,Davis Cup WG R1: SUI vs USA,Hard,20170203,2,John Isner,R,USA,32,23,1715,Henri Laaksonen,R,24.83504449,127,473,4-6 6-2 6-2 7-6(1),RR,164,
2017-M-DC-2017-WG-M-SUI-USA-01,Davis Cup WG R1: SUI vs USA,Hard,20170203,4,Sam Querrey,R,USA,29,27,1435,Adrien Bossel,L,30.091718,485,78,6-3 7-5,RR,73,
2017-M-DC-2017-WG-M-SUI-USA-01,Davis Cup WG R1: SUI vs USA,Hard,20170203,5,Steve Johnson,R,USA,27,31,1345,Antoine Bellier,U,20.28473648,598,52,6-4 6-3,RR,60,
